{"countFinishedTraining":0,"imagePath":"defaultTraining.png","isImagePathExternal":false,"name":"روز اول از ماه بهمن ","orderNr":-1,"trainingPlanId":0,"workoutSessions":[{"finished":false,"name":"روز   1","orderNr":0,"trainingPlanId":4,"workoutItems":[{"breakTime":30,"description":"با یک کرانچ ساده شروع کنید: صاف دراز بکشید ، در حالی که زانوها خم شده و پاها روی زمین است.کمرتان را به داخل تشک فشار دهید و به سمت بالای زانوها برسید.به موقعیت اولیه برگردید تکرار کنید","elapsedTime":0,"finished":false,"imagePath":"abdonminal_crunch.png","isImagePathExternal":false,"isTimeMode":true,"isVideoMode":true,"isVideoPathExternal":false,"name":"Abdominal crunch","orderNr":1,"prepTime":5,"repetitionCount":5,"videoPath":"abdonminal_crunch.mp4","workoutItemId":0,"workoutSessionId":81,"workoutTime":30},{"breakTime":30,"description":"دراز بکشید و زانوها را خم کرده و پاها را صاف روی زمین قرار دهید و دستان خود را با انگشتان سبک پشت سر قرار دهید. شانه ها را از زمین بلند کنید تا جایی که احساس انقباض شدید کنید ، و تنه خود را با یک حرکت دایره ای کوچک و در جهت عقربه های ساعت حلقه کنید","elapsedTime":0,"finished":false,"imagePath":"circle_crunch.png","isImagePathExternal":false,"isTimeMode":false,"isVideoMode":true,"isVideoPathExternal":false,"name":"Circle crunch","orderNr":2,"prepTime":5,"repetitionCount":5,"videoPath":"circle_crunch.mp4","workoutItemId":0,"workoutSessionId":81,"workoutTime":30}],"workoutSessionId":0},{"finished":false,"name":"روز   2","orderNr":1,"trainingPlanId":4,"workoutItems":[],"workoutSessionId":0},{"finished":false,"name":"روز   3","orderNr":2,"trainingPlanId":4,"workoutItems":[],"workoutSessionId":0},{"finished":false,"name":"روز   4","orderNr":3,"trainingPlanId":4,"workoutItems":[],"workoutSessionId":0},{"finished":false,"name":"روز   5","orderNr":4,"trainingPlanId":4,"workoutItems":[],"workoutSessionId":0},{"finished":false,"name":"روز   6","orderNr":5,"trainingPlanId":4,"workoutItems":[],"workoutSessionId":0}]}